{"7404":[{"message":"Hello my friend","float1":0.3928199700669497,"float2":0.35568460546145464},{"message":"This is a test","float1":-0.8560469195774583,"float2":0.31829000641386074},{"message":"I'm attending this class right now\n","float1":-0.4273252390732938,"float2":0.06772220571325405}]}